<?xml version="1.0" encoding="UTF-8" ?>
<!DOCTYPE log4j:configuration SYSTEM "log4j.dtd">

<log4j:configuration xmlns:log4j="http://jakarta.apache.org/log4j/">
  <appender name="ENG" class="org.apache.log4j.ConsoleAppender"> 
    <layout class="org.apache.log4j.PatternLayout"> 
      <param name="ConversionPattern" value="%-4r [%t] %-5p %c %x - %m%n"/>
    </layout> 
  </appender>
  <appender name="SoxAutoReviews" class="org.apache.log4j.RollingFileAppender">
    <param name="file" value="logs/SoxAutoReviews.log"/>
    <param name="maxFileSize" value="10000KB"/>
    <param name="immediateFlush" value="true"/>
    <param name="maxBackupIndex" value="5"/>
    <layout class="org.apache.log4j.PatternLayout">
      <param name="conversionPattern" value="%d{ddMMMyyyy HH:mm:ss,SSS} [%t] %-5p %c{1} - %m%n"/>
    </layout>
  </appender>

    <logger name="com.assurant" additivity="false">
        <level value="All"/>
        <appender-ref ref="SoxAutoReviews"/>
      </logger>

    <logger name="org.hibernate">
        <level value="All"/>
    </logger>
    <root>
        <priority value ="warn" />
        <appender-ref ref="SoxAutoReviews" />
    </root>

</log4j:configuration>