<beans xmlns="http://www.springframework.org/schema/beans"
       xmlns:xsi="http://www.w3.org/2001/XMLSchema-instance"
       xmlns:p="http://www.springframework.org/schema/p"
       xmlns:aop="http://www.springframework.org/schema/aop"
       xmlns:context="http://www.springframework.org/schema/context"
       xmlns:jee="http://www.springframework.org/schema/jee"
       xmlns:tx="http://www.springframework.org/schema/tx"
       xmlns:util="http://www.springframework.org/schema/util"
       xsi:schemaLocation="
		http://www.springframework.org/schema/aop http://www.springframework.org/schema/aop/spring-aop.xsd
		http://www.springframework.org/schema/beans http://www.springframework.org/schema/beans/spring-beans.xsd
		http://www.springframework.org/schema/context http://www.springframework.org/schema/context/spring-context.xsd
		http://www.springframework.org/schema/jee http://www.springframework.org/schema/jee/spring-jee.xsd
		http://www.springframework.org/schema/tx http://www.springframework.org/schema/tx/spring-tx.xsd
		http://www.springframework.org/schema/util http://www.springframework.org/schema/util/spring-util.xsd">
    <context:annotation-config/>
    <context:component-scan base-package="com.assurant.inc.sox.ar.service.impl" />
    <aop:aspectj-autoproxy/>
    <tx:annotation-driven/>
    <context:mbean-export/>


    <!-- <context:component-scan base-package="com.assurant.inc.sox.ar.service.impl.tasklist"></context:component-scan>-->
    <context:component-scan base-package="com.assurant.inc.sox.dao" />
    <context:component-scan base-package="com.assurant.inc.sox.ar.utils.interceptors" />
        <!-- <context:component-scan base-package="com.assurant.test" /> -->
    <context:component-scan base-package="com.assurant.inc.sox.ar.client.bean" />
    <context:component-scan base-package="com.assurant.inc.sox.ar.client.bean.admin" />
    <context:component-scan base-package="com.assurant.inc.sox.ar.client.bean.dashboard" />
    <context:component-scan base-package="com.assurant.inc.sox.ar.client.bean.review" />
    <context:component-scan base-package="com.assurant.inc.sox.ar.client.bean.review.selectmodals" />
    <context:component-scan base-package="com.assurant.inc.sox.ar.client.bean.reviewdetails" />
    <context:component-scan base-package="com.assurant.inc.sox.ar.client.bean.reviewerreport" />
    <context:component-scan base-package="com.assurant.inc.sox.ar.client.bean.tasklist" />

    <jee:jndi-lookup id="dataSourceSox" jndi-name="jdbc/SoxDataSource"
                     resource-ref="true"
                     lookup-on-startup="true"
                     proxy-interface="javax.sql.DataSource"/>

    <jee:jndi-lookup id="appURL" jndi-name="cell/persistent/sox/config/appURL"/>
    <jee:jndi-lookup id="fromEmailAddress" jndi-name="cell/persistent/sox/config/fromEmailAddress"/>
    <jee:jndi-lookup id="defaultPageReviewer" jndi-name="cell/persistent/sox/config/defaultPage/Reviewer"/>
    <jee:jndi-lookup id="defaultPageITComp" jndi-name="cell/persistent/sox/config/defaultPage/ITComp"/>
    <jee:jndi-lookup id="defaultPageIpsUser" jndi-name="cell/persistent/sox/config/defaultPage/IpsUser"/>
    <jee:jndi-lookup id="baseURL" jndi-name="cell/persistent/sox/config/baseURL"/>
    <jee:jndi-lookup id="soxSuportNames" jndi-name="cell/persistent/sox/config/soxSuportNames"/>

    <jee:jndi-lookup id="savvionITComplianceUserId" jndi-name="cell/persistent/sox/config/savvionITComplianceUserId"/>
    <jee:jndi-lookup id="soxLdapITComplianceRole" jndi-name="cell/persistent/sox/config/soxLdapITComplianceRole"/>
    <jee:jndi-lookup id="soxLdapReviewerRole" jndi-name="cell/persistent/sox/config/soxLdapReviewerRole"/>
    <jee:jndi-lookup id="soxLdapIpsUserRole" jndi-name="cell/persistent/sox/config/soxLdapIpsUserRole"/>

    <!--<bean id="savvionITComplianceUserId" class="java.lang.String" lazy-init="false" >
        <constructor-arg type="java.lang.String" value="User_EBSOXITCOMPLIANCE_DEV"></constructor-arg>
    </bean>

    <bean id="soxLdapITComplianceRole" class="java.lang.String" lazy-init="false">
        <constructor-arg type="java.lang.String" value="User_EBSOXITOWNER_DEV"></constructor-arg>
    </bean>

    <bean id="soxLdapReviewerRole" class="java.lang.String" lazy-init="false">
        <constructor-arg type="java.lang.String"  value="User_EBSOXMTL_DEV"></constructor-arg>
    </bean>

    <bean id="soxLdapIpsUserRole" class="java.lang.String" lazy-init="false">
        <constructor-arg type="java.lang.String" value="User_EBSOXIPSUSER_DEV"></constructor-arg>
    </bean>-->

    <bean class="org.springframework.orm.hibernate5.LocalSessionFactoryBean"
          id="sessionFactory"
          lazy-init="false"
          p:dataSource-ref="dataSourceSox"
          p:annotatedClasses-ref="hibernateClasses">
        <property name="hibernateProperties">
            <props>
                <prop key="hibernate.dialect">org.hibernate.dialect.Oracle10gDialect</prop>
                <prop key="hibernate.show_sql">false</prop>
                <prop key="hibernate.format_sql">false</prop>
                <prop key="hibernate.use_sql_comments">false</prop>

            </props>
        </property>
        <property name="entityInterceptor" ref="auditInterceptor"/>
    </bean>

    <bean id="transactionManager" class="org.springframework.orm.hibernate5.HibernateTransactionManager" lazy-init="false">
        <property name="sessionFactory" ref="sessionFactory"/>
    </bean>

    <util:list id="hibernateClasses">
        <value type="java.lang.Class">com.assurant.inc.sox.domain.security.SecurityFunction</value>
        <value type="java.lang.Class">com.assurant.inc.sox.domain.security.SecurityFunctionAccess</value>
        <value type="java.lang.Class">com.assurant.inc.sox.domain.security.SecurityRole</value>
        <value type="java.lang.Class">com.assurant.inc.sox.domain.luad.PrivilegeComment</value>
        <value type="java.lang.Class">com.assurant.inc.sox.domain.luad.User</value>
        <value type="java.lang.Class">com.assurant.inc.sox.domain.luad.UserAccess</value>
        <value type="java.lang.Class">com.assurant.inc.sox.domain.ar.Application</value>
        <value type="java.lang.Class">com.assurant.inc.sox.domain.ar.ApplicationSystem</value>
        <value type="java.lang.Class">com.assurant.inc.sox.domain.ar.Department</value>
        <value type="java.lang.Class">com.assurant.inc.sox.domain.ar.Division</value>
        <value type="java.lang.Class">com.assurant.inc.sox.domain.ar.Environment</value>
        <value type="java.lang.Class">com.assurant.inc.sox.domain.ar.FilterCriteria</value>
        <value type="java.lang.Class">com.assurant.inc.sox.domain.ar.FilterType</value>
        <value type="java.lang.Class">com.assurant.inc.sox.domain.ar.Review</value>
        <value type="java.lang.Class">com.assurant.inc.sox.domain.ar.Reviewer</value>
        <value type="java.lang.Class">com.assurant.inc.sox.domain.ar.ReviewBundle</value>
        <value type="java.lang.Class">com.assurant.inc.sox.domain.ar.ReviewOwner</value>
        <value type="java.lang.Class">com.assurant.inc.sox.domain.ar.ReviewQueue</value>
        <value type="java.lang.Class">com.assurant.inc.sox.domain.ar.ReviewerReassignment</value>
        <value type="java.lang.Class">com.assurant.inc.sox.domain.ar.ReviewUser</value>
        <value type="java.lang.Class">com.assurant.inc.sox.domain.ar.ReviewUserAccess</value>
        <value type="java.lang.Class">com.assurant.inc.sox.domain.ar.SoxConcern</value>
        <value type="java.lang.Class">com.assurant.inc.sox.domain.ar.UserStatus</value>
        <value type="java.lang.Class">com.assurant.inc.sox.domain.ar.UserType</value>
        <value type="java.lang.Class">com.assurant.inc.sox.domain.ar.Supervisor</value>
        <value type="java.lang.Class">com.assurant.inc.sox.domain.ar.ReviewApplication</value>
        <value type="java.lang.Class">com.assurant.inc.sox.domain.ar.ReviewWorkOrder</value>
        <value type="java.lang.Class">com.assurant.inc.sox.domain.ar.ReviewUserAccessWO</value>
        <value type="java.lang.Class">com.assurant.inc.sox.domain.ar.ReviewApplicationWO</value>
        <value type="java.lang.Class">com.assurant.inc.sox.domain.ar.ReviewUserWO</value>
        <value type="java.lang.Class">com.assurant.inc.sox.domain.ar.Code</value>
        <value type="java.lang.Class">com.assurant.inc.sox.domain.ar.Conflict</value>
        <value type="java.lang.Class">com.assurant.inc.sox.domain.ar.ConflictType</value>
        <value type="java.lang.Class">com.assurant.inc.sox.domain.ar.ProcessLock</value>
        <value type="java.lang.Class">com.assurant.inc.sox.domain.ar.FunctionDuty</value>
        <value type="java.lang.Class">com.assurant.inc.sox.domain.ar.RejectedUser</value>
        <value type="java.lang.Class">com.assurant.inc.sox.domain.ar.ExtractSystem</value>
        <value type="java.lang.Class">com.assurant.inc.sox.domain.luad.UserAka</value>
        <value type="java.lang.Class">com.assurant.inc.sox.domain.luad.InternalIdentifierType</value>
    </util:list>

    <!-- 	<util:list id="hibernateClassesSavvion">
             <value type="java.lang.Class">com.assurant.inc.sox.domain.savvion.SavvionVerifyAccess</value>
             <value type="java.lang.Class">com.assurant.inc.sox.domain.savvion.SavvionScheduleReviews</value>
             <value type="java.lang.Class">com.assurant.inc.sox.domain.savvion.SavvionRejectedUser</value>
             <value type="java.lang.Class">com.assurant.inc.sox.domain.savvion.SavvionRejectedAccesses</value>
     </util:list>  -->

    <bean id="sessionSystemUser" class="com.assurant.inc.sox.ar.dto.SystemUserDTO"  scope="session" lazy-init="false" >
        <aop:scoped-proxy/>
    </bean>

    <bean id="jdbcTemplate" class="org.springframework.jdbc.core.JdbcTemplate" lazy-init="false">
        <constructor-arg ref="dataSourceSox" />
    </bean>

    <!--
        <bean id="log4jMBean"
        class="com.assurant.inc.sox.util.jmx.Log4JMBean"/>
    -->

</beans>

