<!--<server>-->
<!--    <library id="oracle-lib">-->
<!--        <fileset dir="C:\Liberty-latest-server\wlp\usr\shared\resources\oracle\" includes="*.jar" />-->
<!--    </library>-->
<!--    <dataSource id="dataSourceSox" jndiName="jdbc/SoxDataSource" >-->
<!--        <jdbcDriver id="OracleRef" libraryRef="oracle-lib" />-->
<!--        <connectionManager id="ConnectionManager" minPoolSize="1" numConnectionsPerThreadLocal="10" />-->
<!--        <properties.oracle user="TOMCAT_SOX"-->
<!--                           password="{aes}ADNyiY56G3H73JXi9FGbQAVOu2v6ySDCeJU1/rAXE09dDINsBbEyx8ythPtg79wt/g=="-->
<!--                           URL="jdbc:oracle:thin:@(DESCRIPTION = (ADDRESS = (PROTOCOL = TCP)(HOST = gqfutlut.sunlifecorp.com)(PORT = 3010)) (CONNECT_DATA = (SERVER = DEDICATED) (SERVICE_NAME = gqfutlut.sunlifecorp.com))))" />-->
<!--    </dataSource>-->
<!--</server>-->
