<!--<server>-->
<!--    <jndiEntry jndiName="cell/persistent/sox/config/appURL" id="appURL" value="http://localhost:9080/soxautoreviews/" type="java.lang.String" override="false" />-->
<!--    <jndiEntry jndiName="cell/persistent/sox/config/fromEmailAddress" id="fromEmailAddress" value="SoxITCompliance@sunlife.com" type="java.lang.String" override="false" />-->
<!--    <jndiEntry jndiName="cell/persistent/sox/config/defaultPage/Reviewer" id="defaultPageReviewer" value="/xhtml/tasklist/tasklistPage.xhtml" type="java.lang.String" override="false" />-->
<!--    <jndiEntry jndiName="cell/persistent/sox/config/defaultPage/ITComp" id="defaultPageITComp" value="/xhtml/dashboard/reviewManagementDashboard.xhtml" type="java.lang.String" override="false"/>-->
<!--    <jndiEntry jndiName="cell/persistent/sox/config/defaultPage/IpsUser" id="defaultPageIpsUser" value="/xhtml/admin/userSummary.xhtml" type="java.lang.String" override="false" />-->
<!--    <jndiEntry jndiName="cell/persistent/sox/config/baseURL" id="baseURL"  value="http://sit-wamserviceapps.us.sunlife/WAMService/rs/workflow" type="java.lang.String" override="false"/>-->
<!--    <jndiEntry jndiName="cell/persistent/sox/config/soxSuportNames" id="soxSuportNames"  value="Denise Sharkey or Tammy Lomax" type="java.lang.String" override="false"/>-->
<!--    <jndiEntry jndiName="cell/persistent/sox/config/savvionITComplianceUserId" id="savvionITComplianceUserId"  value="User_EBSOXITCOMPLIANCE_SIT" type="java.lang.String" override="false"/>-->
<!--    <jndiEntry jndiName="cell/persistent/sox/config/soxLdapITComplianceRole" id="soxLdapITComplianceRole"  value="User_EBSOXITOWNER_SIT" type="java.lang.String" override="false"/>-->
<!--    <jndiEntry jndiName="cell/persistent/sox/config/soxLdapReviewerRole" id="soxLdapReviewerRole"  value="User_EBSOXMTL_SIT" type="java.lang.String" override="false"/>-->
<!--    <jndiEntry jndiName="cell/persistent/sox/config/soxLdapIpsUserRole" id="soxLdapIpsUserRole"  value="User_EBSOXIPSUSER_SIT" type="java.lang.String" override="false"/>-->
<!--    <jndiEntry jndiName="cell/persistent/sox/config/env" id="soxEnvironment"  value="SIT" type="java.lang.String" override="false"/>-->

<!--</server>-->