<?xml version="1.0" encoding="UTF-8"?>
<server description="engageapps">
	<featureManager>
		<feature>jakartaee-10.0</feature>
		<feature>cdi-4.0</feature>
	</featureManager>

	<!-- Automatically expand WAR files and EAR files-->
	<applicationManager autoExpand="true"/>
	<applicationMonitor updateTrigger="mbean"/>

	<!-- Include application configuration files and standard server.xml-->
<!--	<include location="appConfXML/soxautoreviews_mail.xml"/>-->
<!--	<include location="appConfXML/soxautoreviews_jndi.xml"/>-->
<!--	<include location="appConfXML/soxautoreviews_jdbc.xml"/>-->
<!--	<include location="appConfXML/soxautoreviews_jms.xml"/>-->
</server>