<?xml version="1.0" encoding="UTF-8"?>
<server description="soxautoreviewsapps">

	<!-- Enable features-->
	<!--NOTE: servlet-3.1, jndi-1.0, requestTiming-1.0, monitor-1.0, localConnector-1.0, restConnector-2.0, ssl-1.0, jacc-1.5 are standard features and should not be removed-->
	<featureManager>
		<feature>monitor-1.0</feature>
		<feature>jsp-2.3</feature>
		<feature>jsf-2.3</feature>
		<feature>ssl-1.0</feature>
		<feature>restConnector-2.0</feature>
		<feature>requestTiming-1.0</feature>
		<feature>localConnector-1.0</feature>
		<feature>jacc-1.5</feature>
		<feature>jndi-1.0</feature>
		<feature>jdbc-4.3</feature>
		<feature>jsonb-1.0</feature>
		<feature>servlet-4.0</feature>
	</featureManager>

	<!-- Automatically expand WAR files and EAR files-->
	<applicationManager autoExpand="true"/>
	<applicationMonitor updateTrigger="mbean"/>

	<!-- Include application configuration files and standard server.xml-->
	<include location="appConfXML/soxautoreviews_mail.xml"/>
	<include location="appConfXML/soxautoreviews_jndi.xml"/>
	<include location="appConfXML/soxautoreviews_jdbc.xml"/>
	<include location="appConfXML/soxautoreviews_jms.xml"/>
</server>