<?xml version="1.0" encoding="UTF-8"?>
<configuration>
    <appender name="SOX_AUTO_REVIEW_LOG" class="ch.qos.logback.core.rolling.RollingFileAppender">
        <file>${com.ibm.ws.logging.log.directory}/SoxAutoReview.log</file>
        <rollingPolicy class="ch.qos.logback.core.rolling.FixedWindowRollingPolicy">
            <FileNamePattern>${com.ibm.ws.logging.log.directory}/SoxAutoReview.%d{yyyy-MM-dd}.%i.log</FileNamePattern>
            <FileNamePattern>/temp/logs/SoxAutoReview.log.%i</FileNamePattern>
            <MinIndex>1</MinIndex>
            <MaxIndex>5</MaxIndex>
        </rollingPolicy>
        <triggeringPolicy class="ch.qos.logback.core.rolling.SizeBasedTriggeringPolicy">
            <MaxFileSize>10000KB</MaxFileSize>
        </triggeringPolicy>
        <encoder>
            <Pattern>%date %level [%thread] [%file:%line] %msg%n</Pattern>
        </encoder>
    </appender>
    <!-- AEB Logger -->
    <logger name="com.assurant.inc" additivity="false">
        <level value="info"/>
        <appender-ref ref="SOX_AUTO_REVIEW_LOG"/>
    </logger>
    <!-- Hibernate Logger -->
    <logger name="org.hibernate" additivity="false">
        <level value="error"/>
        <appender-ref ref="SOX_AUTO_REVIEW_LOG"/>
    </logger>
    <!-- Apache Logger -->
    <logger name="org.apache" additivity="false">
        <level value="error"/>
        <appender-ref ref="SOX_AUTO_REVIEW_LOG"/>
    </logger>
    <!-- AJAX for JSF Logger -->
    <logger name="org.ajax4jsf" additivity="false">
        <level value="info"/>
        <appender-ref ref="SOX_AUTO_REVIEW_LOG"/>
    </logger>
    <!-- Root Logger -->
    <root level="info">
        <appender-ref ref="SOX_AUTO_REVIEW_LOG"/>
    </root>
    <root level="info">
        <appender-ref ref="SOX_AUTO_REVIEW_LOG"/>
        <appender-ref ref="STDOUT"/>
    </root>
</configuration>